	observed_features
SRR17307258	633
SRR17307262	294
SRR17307269	797
SRR17307273	392
SRR17307278	621
SRR17307316	799
SRR17307364	769
SRR17307380	483
SRR17307392	734
SRR17307400	223
SRR17307404	730
SRR17307406	502
SRR17307409	639
SRR17307413	219
SRR17307419	716
SRR17307420	782
SRR17307436	591
SRR17307475	877
SRR17307492	689
SRR17307525	633
SRR17307527	329
SRR17307530	432
SRR17307534	637
SRR17307540	158
SRR17307546	758
SRR17307551	443
SRR17307593	501
SRR17307610	823
SRR17307628	859
SRR17307630	464
SRR17307632	617
SRR17307636	322
SRR17307643	750
SRR17307647	434
SRR17307649	790
SRR17307666	824
