sample-id	input	filtered	percentage of input passed filter	denoised	merged	percentage of input merged	non-chimeric	percentage of input non-chimeric
#q2:types	numeric	numeric	numeric	numeric	numeric	numeric	numeric	numeric
L1	3773	2973	78.8	2831	2635	69.84	2601	68.94
L2	3669	2856	77.84	2701	2415	65.82	2412	65.74
L3	5346	4248	79.46	4026	3585	67.06	3319	62.08
L4	3836	2859	74.53	2692	2419	63.06	2368	61.73
L5	3311	2444	73.81	2284	2037	61.52	1979	59.77
L6	4572	3454	75.55	3250	3056	66.84	3005	65.73
L7	4536	3463	76.34	3258	2979	65.67	2967	65.41
L8	3498	2546	72.78	2409	2207	63.09	2207	63.09
LR1	5047	4335	85.89	4181	3782	74.94	3771	74.72
LR2	6394	5426	84.86	5255	4778	74.73	4778	74.73
LR3	5753	4788	83.23	4549	4128	71.75	4128	71.75
LR4	6062	5031	82.99	4865	4420	72.91	4394	72.48
LR5	6056	5032	83.09	4864	4557	75.25	4557	75.25
LR6	5855	4799	81.96	4650	4283	73.15	4283	73.15
LR7	5191	4387	84.51	4192	3891	74.96	3891	74.96
W1	2138	1576	73.71	1454	1351	63.19	1314	61.46
W2	3714	2623	70.62	2469	2268	61.07	2185	58.83
W3	3211	2611	81.31	2470	2289	71.29	2155	67.11
W4	3619	2773	76.62	2611	2361	65.24	2316	64
W5	4301	3223	74.94	2998	2672	62.13	2555	59.4
W6	5016	3368	67.15	3135	2783	55.48	2745	54.72
W7	3501	2545	72.69	2415	2291	65.44	2153	61.5
WR1	4804	3950	82.22	3749	3379	70.34	3379	70.34
WR2	4918	3888	79.06	3709	3433	69.8	3433	69.8
WR3	5446	4492	82.48	4264	3748	68.82	3717	68.25
WR4	5206	4179	80.27	3933	3420	65.69	3420	65.69
WR5	5450	4295	78.81	4119	3602	66.09	3602	66.09
WR6	5414	4410	81.46	4217	3730	68.9	3730	68.9
WR7	5035	4198	83.38	4030	3722	73.92	3704	73.57
