sample-id	input	filtered	percentage of input passed filter	denoised	non-chimeric	percentage of input non-chimeric
#q2:types	numeric	numeric	numeric	numeric	numeric	numeric
SRR17307258	26992	26932	99.78	26472	25395	94.08
SRR17307262	5996	5926	98.83	5754	5731	95.58
SRR17307269	10387	10322	99.37	9859	9859	94.92
SRR17307273	23451	23405	99.8	23023	20966	89.4
SRR17307278	24834	24783	99.79	24230	23607	95.06
SRR17307316	10833	10723	98.98	10193	10189	94.06
SRR17307364	8661	8605	99.35	8270	8270	95.49
SRR17307380	5128	5087	99.2	4830	4809	93.78
SRR17307392	25424	25374	99.8	24617	24547	96.55
SRR17307400	9513	9351	98.3	9127	9077	95.42
SRR17307404	8614	8551	99.27	8158	8141	94.51
SRR17307406	22460	22420	99.82	21987	21190	94.35
SRR17307409	29485	29434	99.83	28819	28088	95.26
SRR17307413	9875	9740	98.63	9595	9532	96.53
SRR17307419	24624	24574	99.8	23982	23904	97.08
SRR17307420	9962	9873	99.11	9453	9441	94.77
SRR17307436	9471	9380	99.04	9019	8993	94.95
SRR17307475	45492	45407	99.81	44292	43518	95.66
SRR17307492	22781	22731	99.78	22069	21888	96.08
SRR17307525	31085	31013	99.77	30414	29356	94.44
SRR17307527	7624	7536	98.85	7335	7291	95.63
SRR17307530	21513	21471	99.8	21122	20436	94.99
SRR17307534	26187	26156	99.88	25689	25194	96.21
SRR17307540	9247	9056	97.93	8949	8918	96.44
SRR17307546	9539	9471	99.29	9119	9115	95.56
SRR17307551	18317	18289	99.85	17853	17069	93.19
SRR17307593	5208	5159	99.06	4887	4866	93.43
SRR17307610	27416	27359	99.79	26566	26518	96.72
SRR17307628	13387	13310	99.42	12757	12747	95.22
SRR17307630	29957	29912	99.85	29473	27473	91.71
SRR17307632	28399	28342	99.8	27799	26936	94.85
SRR17307636	6890	6812	98.87	6642	6634	96.28
SRR17307643	8233	8174	99.28	7711	7705	93.59
SRR17307647	24317	24279	99.84	23861	22499	92.52
SRR17307649	9577	9502	99.22	9121	9114	95.17
SRR17307666	30483	30410	99.76	29495	29346	96.27
